,SIGLA_UF,NO_MUNICIPIO,NO_ENTIDADE,TP_DEPENDENCIA,IN_PROF_TRAD_LIBRAS,QT_PROF_TRAD_LIBRAS,IN_MATERIAL_PED_BIL_SURDOS
1394,RO,Porto Velho,IFRO - CAMPUS PORTO VELHO CALAMA,1,1.0,88888.0,0.0
2705,AC,Rio Branco,IFAC - CAMPUS RIO BRANCO,1,1.0,88888.0,0.0
27545,MA,Santa Helena,CENTRO DE ENSINO LEDA TAJRA,2,1.0,88888.0,0.0
29572,MA,Imperatriz,CENTRO DE ENSINO URBANO ROCHA,2,1.0,88888.0,0.0
31528,MA,Chapadinha,ESCOLA O PEQUENO PRINCIPE,4,1.0,88888.0,0.0
32310,MA,Caxias,CENTRO DE ENSINO CRISTOVAO COLOMBO,2,1.0,88888.0,0.0
36058,MA,São Luís,CENTRO DE EDUCACAO ESPECIAL PROFESSORA MARIA DA GLORIA COSTA ARCANGELI,2,1.0,88888.0,0.0
38760,MA,São Luís,IFMA - CAMPUS SAO LUIS CENTRO HISTORICO,1,1.0,88888.0,0.0
59871,RN,Natal,INSTITUTO METROPOLE DIGITAL - IMD,1,1.0,88888.0,0.0
65773,PB,Campina Grande,IFPB - CAMPUS CAMPINA GRANDE,1,1.0,88888.0,0.0
84874,BA,Ponto Novo,CENTRO EDUCACIONAL DE PONTO NOVO,3,1.0,88888.0,0.0
102350,MG,Belo Horizonte,COLEGIO LOYOLA,4,1.0,88888.0,1.0
104292,MG,Pará de Minas,EE CORONEL JOAO FERREIRA,2,1.0,88888.0,0.0
105794,MG,Juiz de Fora,IF SUDESTE MG - CAMPUS JUIZ DE FORA,1,1.0,88888.0,0.0
123050,MG,Cruzília,COLEGIO JOAO PAULO II,4,1.0,88888.0,0.0
132265,RJ,Barra do Piraí,CIEP 287 ANGELINA TEIXEIRA NETTO SYM,2,1.0,88888.0,0.0
132268,RJ,Barra do Piraí,CE BARAO DO RIO BONITO,2,1.0,88888.0,0.0
133302,RJ,Duque de Caxias,ESCOLA ESTADUAL MUNICIPALIZADA BAIRRO CALIFORNIA,3,1.0,88888.0,0.0
136969,RJ,Barra Mansa,CEMAE - CENTRO MUNICIPAL DE ATENDIMENTO EDUCACIONAL ESPECIALIZADO,3,1.0,88888.0,0.0
144344,SP,Santos,CASTELO MAGICO ESCOLA DE EDUCACAO INFANTIL,4,1.0,88888.0,0.0
170436,SP,Boituva,IFSP - CAMPUS BOITUVA,1,1.0,88888.0,1.0
197187,RS,Alvorada,IFRS - CAMPUS ALVORADA,1,1.0,88888.0,0.0
204887,RS,Passo Fundo,ESCOLA DE EDUCACAO INFANTIL MUNDO DA CRIANCA FELIZ,4,1.0,88888.0,0.0
214225,GO,Formosa,ESCOLA MUNICIPAL WALDA MIRANDA DE PAIVA,3,1.0,88888.0,0.0
215935,GO,Aparecida de Goiânia,ESCOLA EVANGELICA CRIACAO,4,1.0,88888.0,0.0
217217,DF,Brasília,IFB - CAMPUS RIACHO FUNDO,1,1.0,88888.0,0.0
217357,DF,Brasília,CEP ESC TECNICA DO GUARA PROF TERESA ONDINA MALTESE,2,1.0,88888.0,0.0
